"","freq","prev","p.freq","p.prev","p","contaminant"
"Zotu6184",9.03916383026982e-06,4,NA,0.0317460317460317,0.0317460317460317,TRUE
"Zotu4628",2.65852938319985e-05,12,NA,0.0952380952380952,0.0952380952380952,TRUE
"Zotu6050",2.12287321444705e-05,8,NA,0.0634920634920635,0.0634920634920635,TRUE
"Zotu4260",4.94365339999463e-05,12,NA,0.0952380952380952,0.0952380952380952,TRUE
"Zotu6177",4.00581002533506e-05,7,NA,0.0555555555555555,0.0555555555555555,TRUE
"Zotu3433",2.98983039691875e-05,5,NA,0.0396825396825397,0.0396825396825397,TRUE
"Zotu6255",2.38470416474088e-05,12,NA,0.0952380952380952,0.0952380952380952,TRUE
"Zotu2995",3.38633387801009e-05,9,NA,0.0714285714285715,0.0714285714285715,TRUE
"Zotu4734",1.58465230882239e-05,12,NA,0.0952380952380952,0.0952380952380952,TRUE
"Zotu5784",3.39174743941172e-05,9,NA,0.0714285714285715,0.0714285714285715,TRUE
"Zotu6215",1.79078091694166e-05,11,NA,0.0873015873015873,0.0873015873015873,TRUE
"Zotu4390",2.13466273570436e-05,8,NA,0.0634920634920635,0.0634920634920635,TRUE
"Zotu3253",4.14026608818405e-05,11,NA,0.0873015873015873,0.0873015873015873,TRUE
"Zotu2946",3.65502081062431e-05,8,NA,0.0634920634920635,0.0634920634920635,TRUE
"Zotu3406",2.66537283078627e-05,10,NA,0.0793650793650794,0.0793650793650794,TRUE
"Zotu3382",4.37396662203051e-05,11,NA,0.0873015873015873,0.0873015873015873,TRUE
"Zotu4312",4.17238563936816e-05,11,NA,0.0873015873015873,0.0873015873015873,TRUE
"Zotu5490",2.91314898284815e-05,10,NA,0.0793650793650794,0.0793650793650794,TRUE
"Zotu4340",6.42973828501103e-05,9,NA,0.0714285714285715,0.0714285714285715,TRUE
"Zotu6038",2.44649526387773e-05,9,NA,0.0714285714285715,0.0714285714285715,TRUE
"Zotu5656",1.91199286746054e-05,11,NA,0.0873015873015873,0.0873015873015873,TRUE
"Zotu4274",3.06854506215214e-05,9,NA,0.0714285714285715,0.0714285714285715,TRUE
"Zotu4455",2.0467192291968e-05,11,NA,0.0873015873015873,0.0873015873015873,TRUE
"Zotu5750",1.2183127152332e-05,6,NA,0.0476190476190477,0.0476190476190477,TRUE
"Zotu3232",4.67855777363667e-05,9,NA,0.0714285714285715,0.0714285714285715,TRUE
"Zotu5929",1.52008629836976e-05,10,NA,0.0793650793650794,0.0793650793650794,TRUE
"Zotu5500",1.30037732375808e-05,7,NA,0.0555555555555555,0.0555555555555555,TRUE
"Zotu4720",2.86541970827886e-05,11,NA,0.0873015873015873,0.0873015873015873,TRUE
"Zotu5767",3.92368859891393e-05,12,NA,0.0952380952380952,0.0952380952380952,TRUE
"Zotu3003",3.57912264089047e-05,12,NA,0.0952380952380952,0.0952380952380952,TRUE
"Zotu3713",2.6540080074269e-05,11,NA,0.0873015873015873,0.0873015873015873,TRUE
"Zotu3118",2.7668194072051e-05,11,NA,0.0873015873015873,0.0873015873015873,TRUE
"Zotu2915",3.22206766440093e-05,11,NA,0.0873015873015873,0.0873015873015873,TRUE
"Zotu4694",2.61116747285411e-05,9,NA,0.0714285714285715,0.0714285714285715,TRUE
"Zotu4560",4.53087307524802e-05,11,NA,0.0873015873015873,0.0873015873015873,TRUE
"Zotu2692",5.6612339793498e-05,9,NA,0.0714285714285715,0.0714285714285715,TRUE
"Zotu4873",1.20704845859163e-05,7,NA,0.0555555555555555,0.0555555555555555,TRUE
"Zotu5520",2.49627319484799e-05,9,NA,0.0714285714285715,0.0714285714285715,TRUE
"Zotu4169",3.47104865327574e-05,8,NA,0.0634920634920635,0.0634920634920635,TRUE
"Zotu4470",2.91142294392235e-05,11,NA,0.0873015873015873,0.0873015873015873,TRUE
"Zotu4845",1.77937098842466e-05,8,NA,0.0634920634920635,0.0634920634920635,TRUE
"Zotu6278",2.23477390200241e-05,3,NA,0.0238095238095238,0.0238095238095238,TRUE
"Zotu3723",3.41827047058502e-05,12,NA,0.0952380952380952,0.0952380952380952,TRUE
"Zotu1953",5.87737421930512e-05,8,NA,0.0634920634920635,0.0634920634920635,TRUE
"Zotu1688",7.8341481035546e-05,10,NA,0.0793650793650794,0.0793650793650794,TRUE
"Zotu4419",1.68939482079807e-05,6,NA,0.0476190476190477,0.0476190476190477,TRUE
"Zotu4903",2.12469569378936e-05,10,NA,0.0793650793650794,0.0793650793650794,TRUE
"Zotu4668",2.62045530077735e-05,7,NA,0.0555555555555555,0.0555555555555555,TRUE
"Zotu4540",2.4771471281244e-05,6,NA,0.0476190476190477,0.0476190476190477,TRUE
"Zotu2242",5.05350563054969e-05,10,NA,0.0793650793650794,0.0793650793650794,TRUE
"Zotu4583",1.14906712710969e-05,7,NA,0.0555555555555555,0.0555555555555555,TRUE
"Zotu3530",3.29784153250809e-05,9,NA,0.0714285714285715,0.0714285714285715,TRUE
"Zotu2640",5.63596167668459e-05,8,NA,0.0634920634920635,0.0634920634920635,TRUE
"Zotu1798",7.73750732580774e-05,11,NA,0.0873015873015873,0.0873015873015873,TRUE
"Zotu5060",2.03663847229879e-05,12,NA,0.0952380952380952,0.0952380952380952,TRUE
"Zotu1351",0.000107395348964606,8,NA,0.0634920634920635,0.0634920634920635,TRUE
"Zotu6041",1.57584268627371e-05,9,NA,0.0714285714285715,0.0714285714285715,TRUE
"Zotu2484",6.42779489506462e-05,6,NA,0.0476190476190477,0.0476190476190477,TRUE
"Zotu5261",2.61355602522716e-05,12,NA,0.0952380952380952,0.0952380952380952,TRUE
"Zotu1988",8.25437456840406e-05,6,NA,0.0476190476190477,0.0476190476190477,TRUE
"Zotu5862",1.94835227141872e-05,7,NA,0.0555555555555555,0.0555555555555555,TRUE
"Zotu415",0.000405996776445271,8,NA,0.0634920634920635,0.0634920634920635,TRUE
"Zotu4068",3.2501200069994e-05,11,NA,0.0873015873015873,0.0873015873015873,TRUE
"Zotu3342",3.54827858346879e-05,7,NA,0.0555555555555555,0.0555555555555555,TRUE
"Zotu2813",4.44989664694012e-05,8,NA,0.0634920634920635,0.0634920634920635,TRUE
"Zotu4418",2.17220335436419e-05,12,NA,0.0952380952380952,0.0952380952380952,TRUE
"Zotu1230",0.000141993405981594,9,NA,0.0714285714285715,0.0714285714285715,TRUE
"Zotu6311",1.15430847706758e-05,8,NA,0.0634920634920635,0.0634920634920635,TRUE
"Zotu4261",2.30861944701395e-05,8,NA,0.0634920634920635,0.0634920634920635,TRUE
"Zotu3823",2.68553326301908e-05,7,NA,0.0555555555555555,0.0555555555555555,TRUE
"Zotu2006",5.27050437574467e-05,10,NA,0.0793650793650794,0.0793650793650794,TRUE
"Zotu3802",4.26429034600558e-05,10,NA,0.0793650793650794,0.0793650793650794,TRUE
"Zotu4396",2.38814547750161e-05,7,NA,0.0555555555555555,0.0555555555555555,TRUE
"Zotu6125",1.80252223452187e-05,8,NA,0.0634920634920635,0.0634920634920635,TRUE
"Zotu5612",1.42986731595065e-05,4,NA,0.0317460317460317,0.0317460317460317,TRUE
"Zotu4234",2.166099164209e-05,11,NA,0.0873015873015873,0.0873015873015873,TRUE
"Zotu4868",2.27816258615202e-05,8,NA,0.0634920634920635,0.0634920634920635,TRUE
"Zotu3983",2.36257343045401e-05,11,NA,0.0873015873015873,0.0873015873015873,TRUE
"Zotu633",0.000290890478806323,5,NA,0.0396825396825397,0.0396825396825397,TRUE
"Zotu4663",1.77286870036065e-05,8,NA,0.0634920634920635,0.0634920634920635,TRUE
"Zotu1507",0.000110813230099465,10,NA,0.0793650793650794,0.0793650793650794,TRUE
"Zotu2750",3.32768475216137e-05,8,NA,0.0634920634920635,0.0634920634920635,TRUE
"Zotu2421",4.4365368115886e-05,10,NA,0.0793650793650794,0.0793650793650794,TRUE
"Zotu5255",1.13984279910737e-05,9,NA,0.0714285714285715,0.0714285714285715,TRUE
"Zotu2888",4.76196041689464e-05,11,NA,0.0873015873015873,0.0873015873015873,TRUE
"Zotu4827",2.03750335985757e-05,10,NA,0.0793650793650794,0.0793650793650794,TRUE
"Zotu1773",6.25704035398392e-05,11,NA,0.0873015873015873,0.0873015873015873,TRUE
"Zotu3416",2.76627628988501e-05,10,NA,0.0793650793650794,0.0793650793650794,TRUE
"Zotu1583",0.000127752648817834,8,NA,0.0634920634920635,0.0634920634920635,TRUE
"Zotu3588",3.9713355851008e-05,9,NA,0.0714285714285715,0.0714285714285715,TRUE
"Zotu3597",2.31744833992822e-05,10,NA,0.0793650793650794,0.0793650793650794,TRUE
"Zotu4175",2.91261396841484e-05,10,NA,0.0793650793650794,0.0793650793650794,TRUE
"Zotu2717",3.51705496035111e-05,10,NA,0.0793650793650794,0.0793650793650794,TRUE
"Zotu1955",5.17021801401728e-05,11,NA,0.0873015873015873,0.0873015873015873,TRUE
"Zotu6340",1.22283037255713e-05,10,NA,0.0793650793650794,0.0793650793650794,TRUE
"Zotu2790",3.38726706837318e-05,7,NA,0.0555555555555555,0.0555555555555555,TRUE
"Zotu3333",3.52718219881505e-05,7,NA,0.0555555555555555,0.0555555555555555,TRUE
"Zotu4235",2.71677262453286e-05,8,NA,0.0634920634920635,0.0634920634920635,TRUE
"Zotu3690",4.13002456306416e-05,7,NA,0.0555555555555555,0.0555555555555555,TRUE
"Zotu4229",2.41238046340143e-05,12,NA,0.0952380952380952,0.0952380952380952,TRUE
"Zotu4570",2.6064364739339e-05,7,NA,0.0555555555555555,0.0555555555555555,TRUE
"Zotu2847",3.17680926894334e-05,9,NA,0.0714285714285715,0.0714285714285715,TRUE
"Zotu3046",4.27523977997181e-05,7,NA,0.0555555555555555,0.0555555555555555,TRUE
"Zotu3628",2.65146554399266e-05,8,NA,0.0634920634920635,0.0634920634920635,TRUE
"Zotu2207",5.90529977343472e-05,7,NA,0.0555555555555555,0.0555555555555555,TRUE
"Zotu3980",2.0913094844758e-05,7,NA,0.0555555555555555,0.0555555555555555,TRUE
"Zotu1584",8.04853902396464e-05,10,NA,0.0793650793650794,0.0793650793650794,TRUE
"Zotu5123",2.81107222604128e-05,6,NA,0.0476190476190477,0.0476190476190477,TRUE
"Zotu1167",0.000116094965023375,10,NA,0.0793650793650794,0.0793650793650794,TRUE
"Zotu5465",1.10138449184671e-05,5,NA,0.0396825396825397,0.0396825396825397,TRUE
"Zotu2319",4.47373029365207e-05,12,NA,0.0952380952380952,0.0952380952380952,TRUE
"Zotu3431",3.05333043181766e-05,10,NA,0.0793650793650794,0.0793650793650794,TRUE
"Zotu2194",0.000103021618427646,9,NA,0.0714285714285715,0.0714285714285715,TRUE
"Zotu1770",6.00982005136205e-05,9,NA,0.0714285714285715,0.0714285714285715,TRUE
"Zotu1897",7.9118895760806e-05,12,NA,0.0952380952380952,0.0952380952380952,TRUE
"Zotu3642",3.54815024501617e-05,4,NA,0.0317460317460317,0.0317460317460317,TRUE
"Zotu5509",1.86879233770134e-05,8,NA,0.0634920634920635,0.0634920634920635,TRUE
"Zotu5541",1.70921623742266e-05,8,NA,0.0634920634920635,0.0634920634920635,TRUE
"Zotu4494",3.41163501912066e-05,9,NA,0.0714285714285715,0.0714285714285715,TRUE
"Zotu6021",9.88614534425132e-06,6,NA,0.0476190476190477,0.0476190476190477,TRUE
"Zotu2278",6.463522305007e-05,11,NA,0.0873015873015873,0.0873015873015873,TRUE
"Zotu5793",1.23419228588952e-05,6,NA,0.0476190476190477,0.0476190476190477,TRUE
"Zotu2700",3.22285181401766e-05,5,NA,0.0396825396825397,0.0396825396825397,TRUE
"Zotu3218",3.77560291265966e-05,10,NA,0.0793650793650794,0.0793650793650794,TRUE
"Zotu4119",1.84736860095759e-05,10,NA,0.0793650793650794,0.0793650793650794,TRUE
"Zotu3126",3.95608057439976e-05,6,NA,0.0476190476190477,0.0476190476190477,TRUE
"Zotu5621",1.80885967611295e-05,5,NA,0.0396825396825397,0.0396825396825397,TRUE
"Zotu2013",7.64822377580743e-05,12,NA,0.0952380952380952,0.0952380952380952,TRUE
"Zotu6186",1.18303616417434e-05,5,NA,0.0396825396825397,0.0396825396825397,TRUE
"Zotu1977",5.78368705970352e-05,5,NA,0.0396825396825397,0.0396825396825397,TRUE
"Zotu2901",2.79783458417462e-05,10,NA,0.0793650793650794,0.0793650793650794,TRUE
"Zotu4180",3.30739574182425e-05,8,NA,0.0634920634920635,0.0634920634920635,TRUE
"Zotu2512",4.47409717816248e-05,7,NA,0.0555555555555555,0.0555555555555555,TRUE
"Zotu6191",1.55543481250532e-05,6,NA,0.0476190476190477,0.0476190476190477,TRUE
"Zotu3105",2.70268318075077e-05,9,NA,0.0714285714285715,0.0714285714285715,TRUE
"Zotu1921",6.92093241106711e-05,11,NA,0.0873015873015873,0.0873015873015873,TRUE
"Zotu3807",2.61155665303743e-05,8,NA,0.0634920634920635,0.0634920634920635,TRUE
"Zotu2744",5.75684789988238e-05,7,NA,0.0555555555555555,0.0555555555555555,TRUE
"Zotu2489",3.28098322512949e-05,9,NA,0.0714285714285715,0.0714285714285715,TRUE
"Zotu5040",2.71387794647218e-05,12,NA,0.0952380952380952,0.0952380952380952,TRUE
"Zotu5415",2.58844689329894e-05,8,NA,0.0634920634920635,0.0634920634920635,TRUE
"Zotu2993",3.47761133971412e-05,8,NA,0.0634920634920635,0.0634920634920635,TRUE
"Zotu3000",2.95238926087415e-05,11,NA,0.0873015873015873,0.0873015873015873,TRUE
"Zotu4412",1.61976542221802e-05,9,NA,0.0714285714285715,0.0714285714285715,TRUE
"Zotu1058",0.000105312298258988,12,NA,0.0952380952380952,0.0952380952380952,TRUE
"Zotu1659",6.4843542172742e-05,6,NA,0.0476190476190477,0.0476190476190477,TRUE
"Zotu1306",7.86086649802967e-05,9,NA,0.0714285714285715,0.0714285714285715,TRUE
"Zotu3065",4.6184001559805e-05,4,NA,0.0317460317460317,0.0317460317460317,TRUE
"Zotu2121",6.34537619179821e-05,12,NA,0.0952380952380952,0.0952380952380952,TRUE
"Zotu3319",2.48394405156748e-05,4,NA,0.0317460317460317,0.0317460317460317,TRUE
"Zotu4183",3.79126139532574e-05,9,NA,0.0714285714285715,0.0714285714285715,TRUE
"Zotu3625",3.42720135825192e-05,10,NA,0.0793650793650794,0.0793650793650794,TRUE
"Zotu6385",1.33761188762659e-05,8,NA,0.0634920634920635,0.0634920634920635,TRUE
"Zotu4524",1.88100051480459e-05,8,NA,0.0634920634920635,0.0634920634920635,TRUE
"Zotu5447",1.54815254655032e-05,6,NA,0.0476190476190477,0.0476190476190477,TRUE
"Zotu2996",3.81544632580253e-05,8,NA,0.0634920634920635,0.0634920634920635,TRUE
"Zotu3297",3.48563036350242e-05,7,NA,0.0555555555555555,0.0555555555555555,TRUE
"Zotu4931",1.62635661774522e-05,8,NA,0.0634920634920635,0.0634920634920635,TRUE
"Zotu4775",4.0364582476338e-05,10,NA,0.0793650793650794,0.0793650793650794,TRUE
"Zotu1361",9.99837461358935e-05,10,NA,0.0793650793650794,0.0793650793650794,TRUE
"Zotu4184",2.68749810101945e-05,7,NA,0.0555555555555555,0.0555555555555555,TRUE
"Zotu5889",2.03619966585774e-05,8,NA,0.0634920634920635,0.0634920634920635,TRUE
"Zotu2516",5.1532702170785e-05,8,NA,0.0634920634920635,0.0634920634920635,TRUE
"Zotu5089",8.07700734211418e-06,3,NA,0.0238095238095238,0.0238095238095238,TRUE
"Zotu1189",8.91931867634702e-05,7,NA,0.0555555555555555,0.0555555555555555,TRUE
"Zotu3012",2.58747243482481e-05,5,NA,0.0396825396825397,0.0396825396825397,TRUE
"Zotu4874",1.59097940414343e-05,7,NA,0.0555555555555555,0.0555555555555555,TRUE
"Zotu4781",2.0863820776115e-05,8,NA,0.0634920634920635,0.0634920634920635,TRUE
"Zotu3735",3.09704256103271e-05,9,NA,0.0714285714285715,0.0714285714285715,TRUE
"Zotu3427",3.39029213158325e-05,10,NA,0.0793650793650794,0.0793650793650794,TRUE
"Zotu1294",0.000111098401054582,9,NA,0.0714285714285715,0.0714285714285715,TRUE
"Zotu4955",1.51764421940057e-05,4,NA,0.0317460317460317,0.0317460317460317,TRUE
"Zotu5266",1.88901960783677e-05,6,NA,0.0476190476190477,0.0476190476190477,TRUE
"Zotu3461",3.5285160298602e-05,6,NA,0.0476190476190477,0.0476190476190477,TRUE
"Zotu4999",1.99730330281075e-05,5,NA,0.0396825396825397,0.0396825396825397,TRUE
"Zotu3770",2.95106426789996e-05,8,NA,0.0634920634920635,0.0634920634920635,TRUE
"Zotu5947",2.18782980406889e-05,6,NA,0.0476190476190477,0.0476190476190477,TRUE
"Zotu3378",2.66328983930107e-05,5,NA,0.0396825396825397,0.0396825396825397,TRUE
"Zotu2298",5.20995296471389e-05,8,NA,0.0634920634920635,0.0634920634920635,TRUE
"Zotu2880",3.60614793510146e-05,4,NA,0.0317460317460317,0.0317460317460317,TRUE
"Zotu2386",4.35000579085003e-05,7,NA,0.0555555555555555,0.0555555555555555,TRUE
"Zotu4064",2.74368373078836e-05,12,NA,0.0952380952380952,0.0952380952380952,TRUE
"Zotu3776",3.05445355973853e-05,5,NA,0.0396825396825397,0.0396825396825397,TRUE
"Zotu3143",3.24795785893012e-05,6,NA,0.0476190476190477,0.0476190476190477,TRUE
"Zotu4154",2.68895150463119e-05,4,NA,0.0317460317460317,0.0317460317460317,TRUE
"Zotu6019",1.69092626706314e-05,8,NA,0.0634920634920635,0.0634920634920635,TRUE
"Zotu3075",3.7623650658835e-05,10,NA,0.0793650793650794,0.0793650793650794,TRUE
"Zotu3390",3.49827049278008e-05,10,NA,0.0793650793650794,0.0793650793650794,TRUE
"Zotu5985",1.36434243640251e-05,5,NA,0.0396825396825397,0.0396825396825397,TRUE
"Zotu4366",2.28554117639385e-05,6,NA,0.0476190476190477,0.0476190476190477,TRUE
"Zotu1939",5.1051229634782e-05,12,NA,0.0952380952380952,0.0952380952380952,TRUE
"Zotu2959",4.18582634516061e-05,9,NA,0.0714285714285715,0.0714285714285715,TRUE
"Zotu6159",1.1519976399722e-05,3,NA,0.0238095238095238,0.0238095238095238,TRUE
"Zotu3313",2.16925855609609e-05,5,NA,0.0396825396825397,0.0396825396825397,TRUE
"Zotu2688",3.19768041274207e-05,6,NA,0.0476190476190477,0.0476190476190477,TRUE
"Zotu6078",1.23189413405298e-05,7,NA,0.0555555555555555,0.0555555555555555,TRUE
"Zotu4905",1.18134647198642e-05,6,NA,0.0476190476190477,0.0476190476190477,TRUE
"Zotu3008",3.89324979945678e-05,9,NA,0.0714285714285715,0.0714285714285715,TRUE
"Zotu2363",5.41292291341623e-05,9,NA,0.0714285714285715,0.0714285714285715,TRUE
"Zotu3754",2.21885495105512e-05,6,NA,0.0476190476190477,0.0476190476190477,TRUE
"Zotu2403",4.27352966271548e-05,6,NA,0.0476190476190477,0.0476190476190477,TRUE
"Zotu2968",3.99590162251616e-05,3,NA,0.0238095238095238,0.0238095238095238,TRUE
"Zotu4813",1.52906666722416e-05,6,NA,0.0476190476190477,0.0476190476190477,TRUE
"Zotu1479",8.34372063689298e-05,8,NA,0.0634920634920635,0.0634920634920635,TRUE
"Zotu3888",2.88732449820402e-05,4,NA,0.0317460317460317,0.0317460317460317,TRUE
"Zotu585",0.000276151880854092,3,NA,0.0238095238095238,0.0238095238095238,TRUE
"Zotu6197",1.74083777104273e-05,2,NA,0.0158730158730159,0.0158730158730159,TRUE
"Zotu5883",2.04953344529671e-05,3,NA,0.0238095238095238,0.0238095238095238,TRUE
"Zotu3536",2.64252790353488e-05,7,NA,0.0555555555555555,0.0555555555555555,TRUE
"Zotu2487",5.96625943212071e-05,7,NA,0.0555555555555555,0.0555555555555555,TRUE
"Zotu2643",2.41426830806813e-05,4,NA,0.0317460317460317,0.0317460317460317,TRUE
"Zotu5508",1.28672738006584e-05,5,NA,0.0396825396825397,0.0396825396825397,TRUE
"Zotu4384",1.29398077255904e-05,4,NA,0.0317460317460317,0.0317460317460317,TRUE
"Zotu2989",3.42397591714065e-05,5,NA,0.0396825396825397,0.0396825396825397,TRUE
"Zotu6170",1.04510960548028e-05,3,NA,0.0238095238095238,0.0238095238095238,TRUE
